point_id,source_index,freq_hz,cell_volume,regime_intensity,density_proxy,neighbor_degree,cell_anisotropy,volume_gradient,regime_boundary
0,0,1000000000.0,225082.34699754207,0.04431591150176755,4.442818432184378e-06,12.0,715.7258266492831,0.0,0
1,11,1021582733.8129497,20562.46831518935,0.004048493976845645,4.863229378261495e-05,23.0,88.92130223067933,204519.87868235272,0
2,12,1023544800.5232178,23.785062436282992,4.682982633026495e-06,0.04204319423919212,12.0,308.6157375336492,20538.683252753068,0
3,13,1025506867.2334859,301.56878325049536,5.9375138425985104e-05,0.003315993085296749,10.0,732.4273244086961,277.78372081421236,0
4,16,1031393067.3642904,0.00021307584227960009,4.195198022228928e-11,4693.164577496431,9.0,7.184503540020641,301.5685701746531,0
5,23,1045127534.3361675,5611258.449163383,1.0,1.7821314221395313e-07,13.0,205.55225374036948,5611258.448950307,1
6,26,1051013734.4669719,6.44453064312335e-05,1.2688478392941328e-11,15517.033588008751,11.0,4.152350410748748,5611258.449098937,1
7,28,1054937867.8875082,0.0457826599433385,9.014035678180764e-09,21.842330725558035,9.0,132.84673720466876,0.04571821463690727,0
8,29,1056899934.5977763,0.3541752310889339,6.973269297403703e-08,2.823461135107088,14.0,8.835595325132601,0.3083925711455954,0
9,30,1058862001.3080444,2.1080939222275286e-05,4.150574442689163e-12,47436.214393480645,9.0,8.871388381364083,0.35415415014971163,0
10,33,1064748201.438849,9.290845953549578e-05,1.829251882905568e-11,10763.282420527772,11.0,4.68905898847772,7.182752031322049e-05,0
11,38,1074558534.9901896,3.9643478710539104,7.805307335708748e-07,0.2522482972045288,8.0,85.29738025945903,3.964254962594375,0
12,39,1076520601.7004578,625649.487229548,0.12318259373532156,1.5983390387293716e-06,16.0,699.846193413522,625645.522881677,0
13,40,1078482668.410726,0.0013003063598265477,2.560141314320313e-10,769.0495333456216,9.0,3.7432102050895653,625649.4859292416,1
14,42,1082406801.8312624,4.928163893816417e-05,9.702941074581893e-12,20291.532531278255,9.0,3.561092261840324,0.0012510247208883836,0
15,46,1090255068.672335,88598.08744347472,0.017443860234911113,1.1286925359850422e-05,22.0,353.4654284379917,88598.08739419309,0
16,48,1094179202.0928712,0.0001142897890558874,2.250223638112187e-11,8749.6879599744,11.0,3.6781854937058163,88598.08732918493,0
17,49,1096141268.8031392,8.462586740003177,1.666177956861751e-06,0.1181671787507736,16.0,31.727435388829157,8.46247245021412,0
18,51,1100065402.2236757,181.82716802391676,3.579950535549066e-05,0.005499728180710921,16.0,88.02384661801194,173.36458128391357,0
19,52,1102027468.9339437,32.44113360836528,6.387255265385304e-06,0.03082506339242439,11.0,112.21580609193491,149.38603441555148,0
20,55,1107913669.0647483,368039.6915943233,0.07246243261365123,2.717098244670478e-06,10.0,1232.4206149349127,368007.250460715,0
21,58,1113799869.1955526,0.0,0.0,0.0,32.0,4866.863109388175,368039.6915943233,0
22,60,1117724002.6160889,9.378273713759862e-05,1.8464653202806412e-11,10662.943094418866,9.0,6.196106211713271,9.378273713759862e-05,0
23,62,1121648136.0366251,0.02636364167868736,5.190672778571027e-09,37.93102683422068,8.0,7.167604784209564,0.026269858941549762,0
24,68,1133420536.2982342,22.209802606610985,4.372833586976267e-06,0.04502516378521502,14.0,16.660994376625595,22.183438964932296,0
25,71,1139306736.4290385,713738813308.167,1.0,1.4010727472771411e-12,35.0,3747.492396781557,713738813285.9572,1
26,73,1143230869.8495748,14557158.598862698,1.0,6.869472453766676e-08,16.0,580.3798748675963,713724256149.5681,1
27,78,1153041203.4009156,0.0,0.0,0.0,6.0,10009.893926376013,14557158.598862698,1
28,83,1162851536.9522564,0.6218614166838267,1.2243676981218433e-07,1.6080753254174354,15.0,10.502867811390754,0.6218614166838267,0
29,84,1164813603.6625245,0.00018181624895524944,3.579735552682929e-11,5500.058439474638,6.0,17.577780031002593,0.6216796004348714,0
30,85,1166775670.3727927,45180.53877823933,0.008895485518109049,2.213342352795576e-05,15.0,154.12509813023237,45180.53859642308,0
31,86,1168737737.0830607,9.450394969658485e-05,1.860665097546313e-11,10581.568205657435,11.0,8.839002625355315,45180.53868373538,0
32,90,1176586003.9241333,9.617707644879928,1.8936068799967973e-06,0.10397488018179206,12.0,29.388889066385197,9.617613140930231,0
33,102,1200130804.4473512,0.003141200831548306,6.184633309412466e-10,318.34959090748356,8.0,114.36831367586107,9.61456644404838,0
34,105,1206017004.5781558,9.95559824703737e-05,1.9601333323029467e-11,10044.599682926988,9.0,7.667308645859065,0.0030416448490779326,0
35,106,1207979071.2884238,6.084409009513273,1.197944373705557e-06,0.16435449990891252,12.0,41.5590150091099,6.084309453530802,0
36,107,1209941137.998692,102.35973045100869,2.0153356389433855e-05,0.00976946691432144,12.0,153.94028585281805,96.27532144149541,0
37,109,1213865271.4192283,464378.9457047992,0.09143043217584154,2.1534137351603564e-06,19.0,1758.7510644119795,464276.5859743482,0
38,110,1215827338.1294963,12196211.794711202,1.0,8.199267254719557e-08,20.0,3034.7603839689227,11731832.849006403,1
39,113,1221713538.2603009,0.0004152992177275328,8.176724485535783e-11,2407.9024349334845,10.0,26.630871127387408,12196211.794295903,1
40,114,1223675604.9705691,59236.14089011048,0.011662858560031972,1.6881585886141865e-05,19.0,1179.0633580996976,59236.14047481126,0
41,119,1233485938.5219097,0.0002988497355469105,5.883979178948292e-11,3346.1632309086203,12.0,15.684779350649391,59236.140591260744,0
42,122,1239372138.6527143,0.0,0.0,0.0,28.0,821.2856701561371,0.0002988497355469105,0
43,123,1241334205.3629823,883.7940862754078,0.0001740080509894194,0.0011314852809372374,22.0,420.43290403016897,883.7940862754078,0
44,124,1243296272.0732505,0.04553629344473451,8.965529182248171e-09,21.960505002272473,8.0,36.353122341228925,883.7485499819632,0
45,129,1253106605.6245914,0.001367105373616288,2.6916602549657915e-10,731.4725101425885,8.0,22.07996823646578,0.04416918807111822,0
46,134,1262916939.175932,0.004026071208480474,7.92683290159505e-10,248.3811010707484,10.0,22.37404932095835,0.002658965834864186,0
47,143,1280575539.5683453,0.005951803464500907,1.1718359930359887e-09,168.01630057114787,6.0,41.61765797216907,0.0019257322560204326,0
48,146,1286461739.6991498,10.140315828494858,1.9965019240734065e-06,0.09861625780824747,17.0,38.07516230524532,10.134364025030356,0
49,149,1292347939.8299541,22163.748307912603,0.004363766069009539,4.511872207297145e-05,10.0,202.66941549300702,22153.607992084108,0
50,150,1294310006.5402224,0.0007309430812128114,1.439135913231346e-10,1368.0955799905275,13.0,12.404319837858766,22163.747576969523,0
51,151,1296272073.2504907,1.7613991300378349,3.4679755657114885e-07,0.5677304950059514,8.0,29.460468806344696,1.760668186956622,0
52,154,1302158273.381295,0.9567095541471076,1.8836419870342696e-07,1.0452493085954806,12.0,17.06545810139686,0.8046895758907273,0
53,155,1304120340.0915632,8.077815958615479e-05,1.5904213809956334e-11,12379.583698658744,10.0,5.236462480132143,0.9566287759875214,0
54,156,1306082406.8018312,0.00017437848012173533,3.4332951455193165e-11,5734.652541800098,11.0,17.813404120191322,9.360032053558054e-05,0
55,157,1308044473.5120995,0.0038132837662465434,7.507880923151831e-10,262.2411708746422,17.0,17.32292113444359,0.0036389052861248083,0
56,159,1311968606.9326358,2.86439344976401,5.639634041463531e-07,0.3491140506839374,11.0,215.02331611174685,2.860580165997763,0
57,160,1313930673.6429038,3.383475149290664e-05,6.661641274161417e-12,29555.410526784464,8.0,7.826856969134103,2.864359615012517,0
58,170,1333551340.7455854,3.1234271330780766e-05,6.149639110223919e-12,32016.1132428406,5.0,146.38383590088003,2.6004801621258756e-06,0
59,172,1337475474.1661217,0.0008835195263761792,1.739539935639551e-10,1131.8368966555126,12.0,5.903243174577158,0.0008522852550453985,0
60,173,1339437540.8763897,160.97128276221255,3.169324123536935e-05,0.006212288197250673,17.0,99.17837441885277,160.97039924268617,0
61,177,1347285807.7174625,32.39167972392307,6.377518411315698e-06,0.03087212545082721,14.0,128.75974306193982,128.5796030382895,0
62,182,1357096141.2688031,1.9728103970980315e-05,3.88421802659264e-12,50689.10579454955,12.0,2.709759342118471,32.3916599958191,0
63,183,1359058207.9790714,0.6996235308316344,1.3774716182974326e-07,1.4293401464211506,8.0,466.8994795875113,0.6996038027276634,0
64,189,1370830608.2406802,0.0,0.0,0.0,11.0,1512.8894025028078,0.6996235308316344,0
65,192,1376716808.3714848,0.0001472469927927159,2.8991099428933272e-11,6791.31012622051,13.0,22.44228661140667,0.0001472469927927159,0
66,194,1380640941.7920208,7.033876646502512e-05,1.3848827290936273e-11,14216.911044073026,12.0,3.268450576813078,7.690822632769078e-05,0
67,195,1382603008.502289,16.675249237124014,3.2831489422419006e-06,0.05996911864883229,9.0,190.379785658139,16.675178898357547,0
68,199,1390451275.3433616,0.010683574836684796,2.1034628583742477e-09,93.60162821836018,10.0,49.0485853305823,16.66456566228733,0
69,201,1394375408.763898,0.2567519077912934,5.055125368722583e-08,3.894810397315442,11.0,8.253590789529513,0.24606833295460862,0
70,202,1396337475.4741662,0.19901664839707697,3.9183900005448066e-08,5.024705259832236,9.0,19.659160730416517,0.05773525939421645,0
71,203,1398299542.1844344,5029.743215955707,0.0009902938111683317,0.00019881730678173175,20.0,270.6495754341597,5029.544199307309,0
72,204,1400261608.8947024,0.00014299628446126097,2.815418788633842e-11,6993.1886466443175,10.0,12.939748081557397,5029.7430729594225,0
73,223,1437540876.3897972,3.917737648949613,7.713537612076253e-07,0.2552493529697823,11.0,153.5529826594659,3.9175946526651515,0
74,225,1441465009.8103335,6.521433710995036e-05,1.2839890957963733e-11,15334.051206868275,9.0,9.941739126828692,3.917672434612503,0
75,226,1443427076.5206017,271550.8428338302,0.053464979727556435,3.682551634030202e-06,14.0,507.96908006663233,271550.84276861587,0
76,227,1445389143.2308698,505915.22049370804,0.09960840749115352,1.976615763850965e-06,13.0,158.63899120315446,234364.37765987782,0
77,228,1447351209.941138,0.33267593315823035,6.549974891086891e-08,3.0059282933501685,14.0,38.49610283185156,505914.8878177749,0
78,235,1461085676.9130151,26.079190858054993,5.1346679538395395e-06,0.03834474794263393,13.0,77.35549615030106,25.74651492489676,0
79,238,1466971877.0438194,47169.76838504906,0.009287140058716085,2.1200019297041118e-05,9.0,183.175893118882,47143.689194191,0
80,239,1468933943.7540877,12.96930920739084,2.5534954950512748e-06,0.07710510899301032,12.0,112.35051262111432,47156.79907584166,0
81,242,1474820143.884892,681732.8890494076,0.13422471722888057,1.4668501638440485e-06,18.0,606.7026706416593,681719.9197402002,1
82,243,1476782210.5951602,0.18693318391041922,3.680481630577737e-08,5.349504989300687,11.0,15.540642071473629,681732.7021162236,1
83,245,1480706344.0156965,659.1045674739119,0.00012976948246813699,0.0015172099380718973,12.0,557.8868135930853,658.9176342900014,0
84,248,1486592544.146501,0.0006139630406302239,1.208816779141824e-10,1628.7625348665163,9.0,9.892418463208829,659.1039535108712,0
85,249,1488554610.856769,3.1663941780229155,6.234235871661134e-07,0.315816649405312,7.0,593.9025444319111,3.165780214982285,0
86,256,1502289077.8286462,7.240207426537474e-05,1.4255066905463656e-11,13811.758797447563,6.0,8.179354134368468,3.16632177594865,0
87,259,1508175277.9594507,0.00017681693099772167,3.481305207020408e-11,5655.566968059853,12.0,4.681672321921028,0.00010441485673234694,0
88,260,1510137344.6697187,32.632909962535415,6.425013641610287e-06,0.030643911350475048,13.0,336.00563580691966,32.63273314560442,0
89,261,1512099411.379987,149.6645015992005,2.946707681122032e-05,0.00668161113233103,13.0,307.0946354585638,117.03159163666507,0
90,265,1519947678.2210596,221248.09965698418,0.04356099594269927,4.51981283251864e-06,11.0,377.9181016397698,221098.43515538497,0
91,267,1523871811.6415958,7670.463930284885,0.0015102188387777788,0.00013037021086192104,18.0,229.10916773359523,213577.63572669929,0
92,268,1525833878.3518639,143.28084319460677,2.8210213957739505e-05,0.006979300077413517,21.0,50.35396870396133,7527.183087090278,0
93,269,1527795945.0621321,4.400355256632584e-05,8.663751588275233e-12,22725.4373557062,6.0,4.177166329969869,143.2807991910542,0
94,270,1529758011.7724004,3.9921790995071937,7.86010355911647e-07,0.25048976387937916,15.0,42.83054539684808,3.9921350959546276,0
95,273,1535644211.9032047,1.6329599205074614,3.2150947548068837e-07,0.6123849014546701,12.0,6.380506040654922,2.3592191789997323,0
96,277,1543492478.7442775,0.32254982236256236,6.350604378088457e-08,3.100296235391657,9.0,14.713548264315808,1.310410098144899,0
97,280,1549378678.8750818,3.878821322669116,7.636916211312237e-07,0.257810277095109,15.0,11.627478297984535,3.5562715003065537,0
98,281,1551340745.58535,5.885264249721166e-05,1.1587352501616118e-11,16991.59019165177,9.0,4.166061393248035,3.878762470026619,0
99,282,1553302812.295618,0.012455294043601413,2.4522923095819696e-09,80.28714508216987,6.0,5.250110018676523,0.012396441401104201,0
100,283,1555264879.005886,0.0,0.0,0.0,40.0,2107.066855516697,0.012455294043601413,0
101,285,1559189012.4264226,367258.1497174547,0.07230855674949643,2.7228803520611783e-06,18.0,205.51696355185967,367258.1497174547,0
102,287,1563113145.8469586,0.1658727104521029,3.265827131718143e-08,6.028719234576742,14.0,57.22637893852701,367257.9838447442,0
103,293,1574885546.1085677,0.00012096145393724518,2.3815804123753105e-11,8267.096328485799,11.0,12.275756387506108,0.16575174899816564,0
104,299,1586657946.3701766,7.18635688727273e-05,1.4149041898873295e-11,13915.256391674284,10.0,2.7827782620782786,4.9097885064517885e-05,0
105,301,1590582079.7907128,3.670948266686877e-05,7.2276400474817845e-12,27240.917063143686,6.0,4.362594928610851,3.515408620585853e-05,0
106,312,1612164813.6036625,0.0,0.0,0.0,28.0,867.2073258184088,3.670948266686877e-05,0
107,319,1625899280.5755396,0.05939492507496504,1.1694121188922064e-08,16.836455281676304,17.0,27.405682937554957,0.05939492507496504,0
108,320,1627861347.2858076,0.0,0.0,0.0,49.0,1921.890294863694,0.05939492507496504,0
109,322,1631785480.7063441,50.6278524430392,9.967993751259277e-06,0.019751973503617765,18.0,188.6644599580769,50.6278524430392,0
110,326,1639633747.5474167,0.0016014116171070656,3.1529800736614036e-10,624.4490727387386,14.0,22.34383112326328,50.62625103142209,0
111,332,1651406147.8090255,0.005852114057194011,1.152208390023993e-09,170.87841932947637,11.0,30.666493182563244,0.0042507024400869455,0
112,334,1655330281.2295618,11463.836325995173,0.002257086630161618,8.723083368980236e-05,23.0,102.92037220649512,11463.830473881117,0
113,335,1657292347.9398298,0.00016256535841787636,3.200709488327133e-11,6151.371999427548,13.0,8.998914160887741,11463.836163429814,0
114,340,1667102681.491171,3.306841670170371e-05,6.510759495822552e-12,30240.33411639406,11.0,1.7247447015888977,0.00012949694171617265,0
115,344,1674950948.3322434,0.0009935765547412659,1.9562285206945113e-10,1006.4649716437219,8.0,22.147831298016346,0.0009605081380395622,0
116,348,1682799215.173316,0.0009022298993697991,1.7763783303342436e-10,1108.3649517602196,15.0,10.448301054102702,9.13466553714668e-05,0
117,350,1686723348.593852,0.0011845081365444681,2.3321490313410263e-10,844.2322752404549,13.0,9.812456904891478,0.0002822782371746691,0
118,351,1688685415.3041203,0.001204567074351967,2.371642582237147e-10,830.1737781665718,20.0,9.194188983092847,2.0058937807498857e-05,0
119,356,1698495748.8554611,0.06145456445328202,1.2099638536828728e-08,16.272184318284957,11.0,33.41053941129395,0.060249997378930054,0
120,358,1702419882.2759974,0.0006888356932283595,1.3562317093085953e-10,1451.725002607784,13.0,11.358347043471081,0.06076572876005366,0
121,361,1708306082.4068017,0.0021521967096521013,4.2374073396515346e-10,464.6415427784046,10.0,14.053824121816515,0.0014633610164237418,0
122,365,1716154349.2478745,0.0,0.0,0.0,22.0,1024.8434392501392,0.0021521967096521013,0
123,369,1724002616.088947,0.0,0.0,0.0,39.0,2169.6804190246935,0.0,0
124,370,1725964682.7992153,0.00014483143447658193,2.8515506073909653e-11,6904.578392870323,11.0,5.773130232262532,0.00014483143447658193,0
125,372,1729888816.2197514,0.0012499489469140006,2.46099383856937e-10,800.0326746695276,14.0,14.788957413523823,0.0011051175124374187,0
126,373,1731850882.9300196,0.0002874158825247442,5.6588608498506884e-11,3479.2788336414537,15.0,8.057870818126817,0.0009625330643892564,0
127,376,1737737083.060824,40188.4184061315,0.007912599176431986,2.488279060634621e-05,29.0,701.0602397878916,40188.41811871562,0
128,380,1745585349.9018967,0.00010356562615756505,2.0390782238795096e-11,9655.713265547043,10.0,4.866571635183593,40188.41830256588,0
129,381,1747547416.612165,0.0,0.0,0.0,29.0,366.31378295896087,0.00010356562615756505,0
130,383,1751471550.032701,0.0004121247771719376,8.114223703663753e-11,2426.449592367878,11.0,27.976213260897275,0.0004121247771719376,0
131,384,1753433616.7429693,4.5534502578189414e-05,8.96517658292449e-12,21961.368224490543,10.0,3.415676332547049,0.00036659027459374816,0
132,392,1769130150.4251146,1.630903596670502,3.211046109215914e-07,0.6131570265961102,20.0,282.87838636537106,1.6308580621679238,0
133,393,1771092217.1353827,0.0018214127792232954,3.586134968333589e-10,549.0243677094467,13.0,8.596188279077078,1.6290821838912788,0
134,398,1780902550.6867232,0.002517060137152539,4.95577799728101e-10,397.28887873691235,9.0,18.26670825758954,0.0006956473579292437,0
135,400,1784826684.1072598,0.00074169692318453,1.4603088890546293e-10,1348.2596022620226,16.0,12.563051840232204,0.001775363213968009,0
136,402,1788750817.5277958,0.3604362445622062,7.096540856765903e-08,2.7744157672374143,19.0,59.88396566987858,0.35969454763902164,0
137,403,1790712884.238064,0.03318119479305719,6.5329640977490346e-09,30.13755249642493,10.0,106.86849583253611,0.327255049769149,0
138,409,1802485284.499673,8.832988865658361,1.7391055233260416e-06,0.11321196202202531,30.0,257.44340436706807,8.799807670865304,0
139,420,1824068018.3126225,0.004563538374047103,8.985038827651822e-10,219.1282110100977,16.0,23.536746884514578,8.828425327284315,0
140,421,1826030085.0228908,0.22894142122288832,4.5075715165317695e-08,4.367929554442975,17.0,126.27595492738861,0.22437788284884122,0
141,422,1827992151.733159,306.8072635355837,6.04065299669675e-05,0.003259375245801559,29.0,207.2598536594698,306.5783221143608,0
142,423,1829954218.443427,0.0003692228748723474,7.26953866686392e-11,2708.3912329032755,16.0,11.846072642933851,306.8068943127088,0
143,424,1831916285.153695,0.003401384262720156,6.696902088543503e-10,293.99794979538177,18.0,15.225600971273243,0.0030321613878478084,0
144,425,1833878351.8639634,0.004037687118066175,7.949703181209562e-10,247.66654040080184,11.0,31.926058764550124,0.0006363028553460189,0
145,427,1837802485.2844996,0.00023808306302456597,4.687559060854128e-11,4200.214761587652,11.0,4.119398148389682,0.0037996040550416087,0
146,428,1839764551.9947677,0.000489853127168599,9.644598131325144e-11,2041.4282210234603,9.0,26.14575805754613,0.000251770064144033,0
147,429,1841726618.7050362,0.0023704880524583064,4.667195813001132e-10,421.8540559785144,12.0,22.209300755796175,0.0018806349252897074,0
148,430,1843688685.4153042,0.012742311556510615,2.508802484063492e-09,78.47869638775052,13.0,16.039536322724395,0.010371823504052309,0
149,433,1849574885.5461087,0.0022213059368975923,4.3734748029342137e-10,450.1856241137471,14.0,42.535578967160724,0.010521005619613022,0
150,434,1851536952.2563767,70.35728896638871,1.385247414082108e-05,0.01421316845334545,29.0,1433.618348144911,70.35506766045181,0
151,435,1853499018.9666448,0.0005847994181720032,1.1513972378419643e-10,1709.9880184830974,13.0,7.425186619549486,70.35670416697053,0
152,437,1857423152.3871813,0.003549643105935899,6.988805290324807e-10,281.7184629198438,15.0,13.178206559629116,0.0029648436877638957,0
153,438,1859385219.0974493,0.004332613644331111,8.530376788528193e-10,230.8075637156373,19.0,21.76799268697032,0.0007829705383952121,0
154,440,1863309352.5179856,0.0005768855230579921,1.1358157637643629e-10,1733.4461661746843,14.0,4.866238643770756,0.003755728121273119,0
155,444,1871157619.3590584,0.0,0.0,0.0,11.0,187.03859628839163,0.0005768855230579921,0
156,450,1882930019.620667,0.025950043669216688,5.10924048043878e-09,38.53558062207492,11.0,51.25760624758973,0.025950043669216688,0
157,455,1892740353.172008,9.980595510167895,1.965054982158903e-06,0.10019442216460266,8.0,160.09921618679,9.954645466498677,0
158,460,1902550686.7233486,0.0041271983204606575,8.125939593200327e-10,242.2951169562624,14.0,17.75715460454361,9.976468311847434,0
159,461,1904512753.4336166,0.0017865499554052123,3.517494409194548e-10,559.7380562546034,11.0,19.03619466759041,0.002340648365055445,0
160,462,1906474820.143885,0.3400350070477714,6.694865892791005e-08,2.9408736726232707,28.0,78.29065419638664,0.3382484570923662,0
161,465,1912361020.2746892,0.11170748665870331,2.1993813192760226e-08,8.951951475251784,15.0,73.96075805579673,0.2283275203890681,0
162,469,1920209287.115762,0.02747864180635003,5.410202420238118e-09,36.39190055356078,13.0,34.29075004483675,0.08422884485235328,0
163,470,1922171353.8260303,0.005174236448728075,1.018742729537814e-09,193.2652304771564,10.0,12.911373550403232,0.022304405357621956,0
164,471,1924133420.5362983,0.01598475184666672,3.1471986038173554e-09,62.55961991339697,15.0,41.93860912516533,0.010810515397938647,0
165,476,1933943754.0876389,0.005615230550208179,1.1055689770631572e-09,178.08707779324197,17.0,16.96761007294215,0.010369521296458541,0
166,477,1935905820.797907,0.0,0.0,0.0,31.0,628.8396178361565,0.005615230550208179,0
167,482,1945716154.349248,0.046920955290811764,9.23815185856718e-09,21.312439053740054,9.0,82.33680179055168,0.046920955290811764,0
168,486,1953564421.1903205,0.9433776218457225,1.857393072363845e-07,1.060020904505277,14.0,155.04822304079403,0.8964566665549107,0
169,487,1955526487.9005885,0.01060845787709421,2.088673264352756e-09,94.26440784243827,14.0,19.60012332769701,0.9327691639686283,0
170,491,1963374754.741661,0.03962744556558759,7.802150609105155e-09,25.23503560984419,18.0,59.96829596475486,0.029018987688493376,0
171,498,1977109221.7135382,0.0425311007622695,8.373844162350396e-09,23.512205939979225,10.0,36.46606690496746,0.002903655196681912,0
172,500,1981033355.1340747,0.04436019649916383,8.733970337884519e-09,22.542731522758398,16.0,30.580566232663834,0.001829095736894333,0
173,502,1984957488.5546107,46.54759319297852,9.164641510437244e-06,0.02148338789191841,32.0,77.74344193833173,46.503232996479355,0
174,504,1988881621.9751472,0.05378614381803523,1.058982199740178e-08,18.592148999648014,18.0,46.080307840426336,46.49380704916048,0
175,505,1990843688.6854153,0.013671492636729773,2.6917466690224245e-09,73.14490279139378,11.0,16.794372945935766,0.04011465118130546,0
176,507,1994767822.1059518,0.055293349066466234,1.0886571943790054e-08,18.085357766624863,11.0,29.885490893028376,0.04162185642973646,0
177,508,1996729888.8162198,0.1234569643950377,2.4307139059941933e-08,8.099988565992106,12.0,45.48736240595979,0.06816361532857146,0
178,512,2004578155.6572924,0.0828309967429085,1.630839188513533e-08,12.072775160387542,17.0,70.79006260730533,0.0406259676521292,0
179,513,2006540222.3675604,0.04724138724170135,9.301240919825798e-09,21.167879657354835,11.0,19.127017006397942,0.03558960950120715,0
180,516,2012426422.498365,0.5458861239986159,1.0747818069193025e-07,1.831883896724042,17.0,63.98329400976325,0.49864473675691456,0
181,517,2014388489.208633,0.08041262122055397,1.5832243857285438e-08,12.435858759594295,10.0,71.41480347085052,0.46547350277806193,0
182,527,2034009156.3113146,21.09465265600795,4.153274447037744e-06,0.04740537880888707,16.0,93.16210295962053,21.014240034787395,0
183,529,2037933289.7318509,0.5024820914460602,9.893246712941838e-08,1.9901206769781101,20.0,58.367541551342065,20.59217056456189,0
184,530,2039895356.4421191,0.04679619405741634,9.21358792518122e-09,21.369259191285643,13.0,18.04004248225402,0.4556858973886438,0
185,531,2041857423.1523871,0.007513249604493126,1.4792652955899887e-09,133.09820018076795,9.0,15.235571811870498,0.03928294445292321,0
186,532,2043819489.8626554,0.015213088781066149,2.9952677545948215e-09,65.7328708407226,9.0,8.504022481132937,0.007699839176573023,0
187,533,2045781556.5729237,0.11110785674239622,2.1875753528555783e-08,9.000263611505904,12.0,82.85366552510449,0.09589476796133006,0
188,536,2051667756.703728,1.0254601002440464,2.019003251796779e-07,0.9751720225497194,19.0,30.581766096450448,0.9143522435016502,0
189,555,2088947024.1988227,0.386884541776669,7.617274896713237e-08,2.5847504669097643,14.0,39.99724376347863,0.6385755584673775,0
190,559,2096795291.0398953,0.7148860019707276,1.4075215235574715e-07,1.3988244240926515,20.0,37.778690379999965,0.3280014601940586,0
191,562,2102681491.1706998,0.21656742317286717,4.2639429024611293e-08,4.617499646736658,18.0,45.673606146690894,0.49831857879786046,0
192,565,2108567691.3015044,1.821253097634424,3.585820575167919e-07,0.5490725046937868,20.0,17.554990774626514,1.6046856744615567,0
193,568,2114453891.4323087,0.08094513841829824,1.593708986286162e-08,12.354046450819196,8.0,9.401943387005499,1.7403079592161257,0
194,573,2124264224.9836495,0.2351140243563759,4.629102386388105e-08,4.253255426737066,9.0,13.42454849681587,0.15416888593807765,0
195,574,2126226291.6939175,63.97926827677224,1.2596721283221046e-05,0.015630063095970665,18.0,116.19813458002105,63.74415425241586,0
196,578,2134074558.5349903,9.127345512212239,1.7970606818386777e-06,0.10956087930076787,21.0,22.95403250738545,54.85192276456,0
197,579,2136036625.2452583,11.126119830219688,2.190594457234183e-06,0.08987859336943389,15.0,44.909024483203694,1.9987743180074489,0
198,585,2147809025.5068674,7.554239249627802,1.4873356463327635e-06,0.13237600332146454,17.0,32.14361206198322,3.571880580591886,0
199,587,2151733158.9274035,1.2905563302704341,2.5409447201532425e-07,0.7748596295596617,14.0,6.082666191025486,6.263682919357368,0
200,593,2163505559.1890125,0.3907761776894222,7.693896362148976e-08,2.5590096251778496,9.0,10.206387301405806,0.899780152581012,0
201,596,2169391759.3198166,10.34670194759014,2.037136781098065e-06,0.09664915497375609,16.0,17.323938208136063,9.955925769900716,0
202,598,2173315892.740353,0.1721179799098596,3.388788711018567e-08,5.809968258504444,10.0,13.561913253642542,10.17458396768028,0
203,600,2177240026.1608896,2.282783850523142,4.494517159915364e-07,0.43806162364885903,12.0,10.269495943983124,2.1106658706132824,0
204,605,2187050359.71223,0.0,0.0,0.0,17.0,49.131860436578485,2.282783850523142,0
205,606,2189012426.4224987,13.733579325121173,2.7039707648917517e-06,0.07281422973039142,16.0,15.045611654438865,13.733579325121173,0
206,610,2196860693.263571,113.4883267521233,2.234443843295137e-05,0.008811478930200033,19.0,10.813933454298716,99.75474742700213,0
207,611,2198822759.973839,3.3000960705414397,6.497478250084282e-07,0.30302148138239776,12.0,3.30829819066848,110.18823068158186,0
208,613,2202746893.3943753,2.2454336051471477,4.4209791774511094e-07,0.4453482827135397,11.0,7.5480191878635665,1.054662465394292,0
209,616,2208633093.52518,94.9443206950278,1.869335454175905e-05,0.010532488859571768,17.0,31.952161493323022,92.69888708988066,0
210,619,2214519293.6559844,0.0,0.0,0.0,15.0,82.99274691217634,94.9443206950278,0
211,620,2216481360.3662524,0.8070515822017836,1.5889840749975067e-07,1.2390781730091884,9.0,2.047636365337154,0.8070515822017836,0
212,623,2222367560.497057,40.918352219029785,8.056314055390936e-06,0.024438911778439317,14.0,7.240493280590872,40.111300636828,0
213,625,2226291693.917593,3.023421979922887,5.952741415843894e-07,0.3307510518347076,13.0,6.878001932797532,37.8949302391069,0
214,627,2230215827.3381295,0.0,0.0,0.0,23.0,40.306529478065684,3.023421979922887,0
215,630,2236102027.468934,0.0,0.0,0.0,18.0,47.60394913813321,0.0,0
216,632,2240026160.88947,0.0,0.0,0.0,24.0,23.817016843518612,0.0,0
217,633,2241988227.599738,0.17160213369747176,3.3786323414046714e-08,5.827433368381862,8.0,7.268784955372527,0.17160213369747176,0
218,636,2247874427.730543,0.0,0.0,0.0,14.0,10.302603163076155,0.17160213369747176,0
219,637,2249836494.440811,0.16155072966887185,3.180732711628371e-08,6.190006086902208,11.0,4.844692570245657,0.16155072966887185,0
220,638,2251798561.151079,527.1483803404377,0.00010378895227941642,0.0018969990941719067,16.0,21.196311974765706,526.9868296107688,0
221,640,2255722694.571615,0.41984877827679024,8.266299667846738e-08,2.381809955722573,13.0,4.929776078003634,526.7285315621609,0
222,644,2263570961.4126883,0.1655414023000329,3.259304086733585e-08,6.04078487979415,10.0,7.133680446119944,0.25430737597675734,0
223,647,2269457161.5434923,0.05829279776126101,1.1477126044037059e-08,17.154777920908163,14.0,6.619852522373345,0.10724860453877189,0
224,654,2283191628.5153694,0.028075578319488825,5.5277317868957415e-09,35.618144302667,9.0,3.1037489408576757,0.03021721944177219,0
225,656,2287115761.935906,0.10751930412325113,2.1169212200855808e-08,9.300655432482925,8.0,10.665425931337793,0.0794437258037623,0
226,658,2291039895.3564425,0.3380122219173128,6.655039772251453e-08,2.9584729046917997,17.0,9.139767938143109,0.23049291779406167,0
227,659,2293001962.0667105,0.0,0.0,0.0,14.0,864.7084727772631,0.3380122219173128,0
228,660,2294964028.7769785,0.11753111242752981,2.3140412593527742e-08,8.508385391213716,9.0,11.92050365999088,0.11753111242752981,0
229,661,2296926095.4872465,0.011439968479763116,2.252387348429989e-09,87.41282825049304,8.0,6.29817125241868,0.1060911439477667,0
230,663,2300850228.9077826,0.7628932335707106,1.5020417849377627e-07,1.3107994093986177,10.0,30.884448699189964,0.7514532650909475,0
231,667,2308698495.7488556,0.0,0.0,0.0,10.0,100.08779190216026,0.7628932335707106,0
232,669,2312622629.1693916,0.0,0.0,0.0,13.0,217.16221126667037,0.0,0
233,671,2316546762.589928,0.012044248810951801,2.3713626214197853e-09,83.02717883141668,8.0,12.279532200481936,0.012044248810951801,0
234,673,2320470896.0104647,1.581925099301516,3.11461354647401e-07,0.6321411806670925,13.0,72.87976164500421,1.5698808504905641,0
235,674,2322432962.7207327,0.0,0.0,0.0,18.0,326.6277271061803,1.581925099301516,0
236,675,2324395029.4310007,0.0028912835013320255,5.692577204775187e-10,345.8671552593957,6.0,11.636945760575951,0.0028912835013320255,0
237,676,2326357096.1412687,0.0,0.0,0.0,11.0,81.86952435503719,0.0028912835013320255,0
238,679,2332243296.2720733,0.01087104346363451,2.1403730967473714e-09,91.98748981670275,7.0,4.944767407912538,0.01087104346363451,0
239,682,2338129496.402878,0.0,0.0,0.0,11.0,388.18503645763167,0.01087104346363451,0
240,685,2344015696.533682,0.0,0.0,0.0,10.0,218.11565092401202,0.0,0
241,687,2347939829.9542184,0.6317777977887349,1.243891817775159e-07,1.5828349832781161,10.0,10.950116949739586,0.6317777977887349,0
242,688,2349901896.664487,0.0,0.0,0.0,15.0,230.45475210904368,0.6317777977887349,0
243,690,2353826030.085023,0.0,0.0,0.0,14.0,154.77659048288226,0.0,0
244,691,2355788096.795291,305.7108444820128,6.019065870742608e-05,0.003271064857690496,15.0,114.82814134514747,305.7108444820128,0
245,693,2359712230.2158275,0.4027612937320159,7.929868373711393e-08,2.482860233989824,14.0,54.59092205895698,305.3080831882808,0
246,696,2365598430.346632,0.6609650159521551,1.3013578160805276e-07,1.5129393778246103,12.0,35.71523679445586,0.25820372222013915,0
247,698,2369522563.767168,0.6314297705372359,1.2432065954517132e-07,1.5837073997122306,8.0,28.015498828789873,0.029535245414919142,0
248,699,2371484630.477436,0.0,0.0,0.0,8.0,219.47539519777916,0.6314297705372359,0
249,700,2373446697.187704,0.0,0.0,0.0,9.0,62.4108626773807,0.0,0
250,710,2393067364.290386,0.28451973907778905,5.601839391524998e-08,3.514694633271404,13.0,7.607301271008526,0.28451973907778905,0
251,712,2396991497.7109222,0.0,0.0,0.0,10.0,60.0936471697789,0.28451973907778905,0
252,719,2410725964.6827993,0.16537611643396105,3.256049813837003e-08,6.04682236804901,8.0,7.942128729967485,0.16537611643396105,0
253,722,2416612164.8136034,0.010754246778118697,2.117377283668014e-09,92.98652156110828,12.0,7.70509291530932,0.15462186965584235,0
254,730,2432308698.495749,0.0,0.0,0.0,6.0,133.17882433634736,0.010754246778118697,0
255,733,2438194898.6265535,0.10091719194134602,1.986933851870852e-08,9.90911440115476,6.0,87.00349200318342,0.10091719194134602,0
256,736,2444081098.7573576,0.09548860894147893,1.8800518120257916e-08,10.472453322703515,10.0,7.4450510094509745,0.005428582999867093,0
257,745,2461739699.149771,0.11842927694345887,2.3317250003181972e-08,8.44385802058879,11.0,12.8781940780961,0.02294066800197994,0
258,746,2463701765.860039,0.0628956050878692,1.2383361494602552e-08,15.899362103075982,12.0,24.618092815174176,0.05553367185558966,0
259,748,2467625899.2805758,0.03998981121017789,7.873495892514343e-09,25.006369615480494,8.0,8.106985406967478,0.022905793877691316,0
260,750,2471550032.701112,0.0,0.0,0.0,11.0,159.26317753266224,0.03998981121017789,0
261,752,2475474166.121648,1.0145052320220822,1.9974344803176284e-07,0.985702161442621,9.0,158.01849336633776,1.0145052320220822,0
262,755,2481360366.252453,0.14652655137804665,2.8849253484990635e-08,6.824701670710311,10.0,50.67215907216652,0.8679786806440355,0
263,756,2483322432.962721,0.7154209405374204,1.4085747509871952e-07,1.3977784872321566,11.0,22.680515755473152,0.5688943891593738,0
264,757,2485284499.672989,0.0,0.0,0.0,9.0,66.00749910593457,0.7154209405374204,0
265,760,2491170699.8037934,0.22410304315635607,4.412309876927986e-08,4.462233024197893,13.0,10.068310119466052,0.22410304315635607,0
266,764,2499018966.644866,14.692156313145189,2.8927026380731124e-06,0.06806352850365634,14.0,57.86786663219844,14.468053269988832,0
267,766,2502943100.065402,0.0,0.0,0.0,19.0,25.993194646578026,14.692156313145189,0
268,774,2518639633.747547,0.016737179612272144,3.2953422619799685e-09,59.74722283598046,9.0,26.05672931766838,0.016737179612272144,0
269,775,2520601700.4578156,0.3904561623441325,7.687595658468639e-08,2.56110697291564,10.0,30.922476441046243,0.3737189827318603,0
270,778,2526487900.58862,0.0,0.0,0.0,14.0,34.00140133782404,0.3904561623441325,0
271,781,2532374100.7194242,0.0,0.0,0.0,30.0,123.50501573185917,0.0,0
272,785,2540222367.5604973,638.1599891820498,0.00012564575579474249,0.0015670051663403883,17.0,18.280186874580266,638.1599891820498,0
273,787,2544146500.9810333,161.46129579863097,3.178971870082277e-05,0.006193434748889664,25.0,19.334147832223156,476.6986933834188,0
274,788,2546108567.6913013,0.44434624353914337,8.748624255743417e-08,2.250497251946854,13.0,4.719404221197939,161.01694955509183,0
275,793,2555918901.2426424,0.0774500907751411,1.524895850065264e-08,12.911540709362926,10.0,4.131709734193362,0.3668961527640023,0
276,795,2559843034.6631784,2.0890653835662962,4.1131096194114703e-07,0.4786829593109221,11.0,1101.2678825303908,2.0116152927911553,0
277,798,2565729234.793983,1.3934899698029406,2.743608239568526e-07,0.7176226752035371,10.0,13.832237264622682,0.6955754137633556,0
278,799,2567691301.5042515,2.209335808714722,4.349907111007548e-07,0.45262471918259267,12.0,6.195260256654168,0.8158458389117815,0
279,801,2571615434.9247875,0.8082371436633741,1.5913182978947083e-07,1.2372606330194307,11.0,4.0574003704785016,1.401098665051348,0
280,808,2585349901.8966646,0.0,0.0,0.0,16.0,201.6189298073319,0.8082371436633741,0
281,819,2606932635.709614,61.38268919959779,1.2085487194335964e-05,0.016291238019049453,17.0,9.316941679342332,61.38268919959779,0
282,822,2612818835.840419,3.63478023886462,7.156429704176535e-07,0.2751197965993373,20.0,6.702105355941787,57.74790896073317,0
283,823,2614780902.550687,1.4141169933791282,2.7842202806077633e-07,0.7071550689803431,12.0,3.666076009324346,2.220663245485492,0
284,825,2618705035.971223,9.356768595148274,1.8422312301978835e-06,0.10687450371685145,12.0,10.754563400287772,7.942651601769146,0
285,829,2626553302.812296,0.4295282306886902,8.456876033427295e-08,2.3281356813132112,12.0,5.9217791888114695,8.927240364459584,0
286,830,2628515369.522564,0.30363588417439724,5.97821248593097e-08,3.2934183741680005,11.0,4.334482441972469,0.12589234651429299,0
287,831,2630477436.232832,6591.722385958697,0.0012978280606944072,0.0001517054180148942,20.0,50.62490462277971,6591.418750074522,0
288,833,2634401569.653368,0.2790062123648058,5.493284915736692e-08,3.5841495840562057,10.0,6.094162650389716,6591.443379746332,0
289,839,2646173969.914977,0.0,0.0,0.0,18.0,65.11797635087639,0.2790062123648058,0
290,842,2652060170.0457816,1152.276735089471,0.000226868941518227,0.0008678470800873646,17.0,42.671934834734294,1152.276735089471,0
291,845,2657946370.176586,11.515027118959678,2.2671654598920767e-06,0.08684304341354064,12.0,13.22375212422094,1140.7617079705112,0
292,851,2669718770.438195,0.267607139591557,5.2688513664335044e-08,3.736821078550227,8.0,5.532499634950056,11.24741997936812,0
293,852,2671680837.1484632,1.4039076347138746,2.7641193246183486e-07,0.7122975723421392,14.0,6.670994500575125,1.1363004951223177,0
294,854,2675604970.5689993,0.0,0.0,0.0,25.0,42.579872414720704,1.4039076347138746,0
295,857,2681491170.699804,0.15061638530675558,2.9654490860819003e-08,6.639383875510573,6.0,5.708610003677746,0.15061638530675558,0
296,862,2691301504.2511444,0.23977276723776247,4.7208272328698556e-08,4.170615418573426,9.0,4.696520365520193,0.08915638193100689,0
297,863,2693263570.9614124,33.084057385723774,6.513838951755486e-06,0.030226038733431874,13.0,25.426267218793893,32.844284618486014,0
298,864,2695225637.671681,4.53576785042677,8.930362124501491e-07,0.2204698372968294,16.0,12.026145300431855,28.548289535297005,0
299,868,2703073904.5127535,0.11033563542387331,2.172371276628395e-08,9.063255005051312,9.0,9.756700974771391,4.425432215002896,0
300,870,2706998037.9332895,1.660810607781255,3.2699292902092677e-07,0.6021156146969333,19.0,20.576962084425457,1.5504749723573816,0
301,877,2720732504.9051666,7.396111372012134,1.4562022361659733e-06,0.1352061846694193,23.0,60.06541042168059,5.735300764230879,0
302,878,2722694571.6154346,3878.396335292882,0.000763607946408591,0.0002578385274604699,21.0,126.2449671880406,3871.00022392087,0
303,882,2730542838.4565077,1.397245394902884,2.751002203982023e-07,0.7156938957517835,17.0,29.011448501599396,3876.9990898979795,0
304,889,2744277305.428385,0.24258954485243497,4.776286076780591e-08,4.122189192465688,10.0,22.514863266786133,1.1546558500504491,0
305,894,2754087638.9797254,0.5569175676970957,1.0965013459768857e-07,1.7955978730089168,14.0,25.99560902022281,0.31432802284466066,0
306,897,2759973839.11053,0.2716863671085071,5.349166276975426e-08,3.6807146808250994,12.0,34.095679498590926,0.2852312005885886,0
307,904,2773708306.082407,0.2430788697419615,4.785920274570481e-08,4.113891104798325,12.0,61.276958188594705,0.02860749736654558,0
308,911,2787442773.054284,0.5933372611676334,1.168207187607348e-07,1.6853821012865535,21.0,27.673524725021093,0.35025839142567194,0
309,912,2789404839.764552,0.14532731683650293,2.8613139136078613e-08,6.881018804731291,7.0,36.698429027084735,0.4480099443311305,0
310,913,2791366906.47482,1.2981593329536845,2.5559140857455743e-07,0.7703214656431604,18.0,69.68050137881166,1.1528320161171814,0
311,914,2793328973.185088,7.122163107876189,1.40226523403562e-06,0.14040678159897646,19.0,96.36208589911861,5.824003774922505,0
312,919,2803139306.736429,0.0,0.0,0.0,20.0,65.49669474782358,7.122163107876189,0
313,923,2810987573.577502,0.08938005698503579,1.759782030091876e-08,11.188178143097783,11.0,53.94038694987312,0.08938005698503579,0
314,925,2814911706.9980383,0.17343613553464357,3.4147415539636966e-08,5.765811126450553,18.0,26.026009502318608,0.08405607854960778,0
315,927,2818835840.4185743,0.07656666831283036,1.5075023617794573e-08,13.060513432571131,15.0,34.655395652679424,0.09686946722181321,0
316,928,2820797907.1288424,0.04257050399267604,8.381602167786509e-09,23.49044305767563,8.0,19.740571107350537,0.03399616432015432,0
317,930,2824722040.5493784,0.06055378306885217,1.1922285898350737e-08,16.514244846543182,14.0,22.404457802352923,0.017983279076176126,0
318,931,2826684107.259647,0.004979014402931015,9.803059395356599e-10,200.84296185415394,11.0,24.44524557260569,0.05557476866592115,0
319,935,2834532374.1007195,0.006872680203496637,1.3531451566098728e-09,145.503641991915,10.0,19.397346300107852,0.0018936658005656217,0
320,936,2836494440.8109875,0.006454904712985052,1.2708903644767469e-09,154.9209545779076,8.0,13.026203770202855,0.0004177754905115849,0
321,937,2838456507.5212555,0.11493280633419155,2.2628838476664017e-08,8.70073595073966,14.0,32.2872219029398,0.10847790162120649,0
322,943,2850228907.7828646,0.014517290096294195,2.858273657329002e-09,68.88337928759755,10.0,22.667078409074094,0.10041551623789735,0
323,946,2856115107.913669,0.005962352219070223,1.173912911462438e-09,167.71904159466484,8.0,33.87750472741858,0.008554937877223973,0
324,947,2858077174.623937,0.22569758007689614,4.443704323449252e-08,4.430707673759129,21.0,89.18370940428677,0.21973522785782593,0
325,950,2863963374.7547417,0.01189024113355219,2.341040427372695e-09,84.1025836805001,10.0,30.905493597275466,0.21380733894334394,0
326,951,2865925441.4650097,0.0891435883303615,1.7551262567212516e-08,11.217856704206635,20.0,42.22913348900466,0.0772533471968093,0
327,953,2869849574.885546,0.025879553165029733,5.095361777879764e-09,38.64054350492533,20.0,21.844755294584086,0.06326403516533177,0
328,954,2871811641.595814,0.03714334189565173,7.3130615274132184e-09,26.922725552870745,17.0,65.98924943098771,0.011263788730621997,0
329,961,2885546108.5676913,0.013561798422752321,2.6701492441522554e-09,73.73653322029814,8.0,46.60039319587428,0.02358154347289941,0
330,965,2893394375.408764,0.00431637416162848,8.498403269152542e-10,231.6759303811244,13.0,17.87806322222191,0.00924542426112384,0
331,966,2895356442.119032,0.005332382644452356,1.0498797463121015e-09,187.53342857959288,15.0,9.619238625173981,0.001016008482823876,0
332,969,2901242642.2498364,0.02973908654953261,5.855255844150606e-09,33.62578061369846,13.0,60.53564972170621,0.024406703905080252,0
333,971,2905166775.670373,0.02551153494367438,5.022903572488829e-09,39.1979550493003,18.0,37.93070559418826,0.004227551605858228,0
334,973,2909090909.090909,0.0009356594066612065,1.8421968677022532e-10,1068.7649713260732,9.0,10.606416260021447,0.024575875537013174,0
335,977,2916939175.931982,0.037689865002564556,7.420665122109538e-09,26.532331699925805,12.0,63.185170657681816,0.03675420559590335,0
336,978,2918901242.64225,0.13675535024798,2.6925425648990977e-08,7.312328169825726,16.0,45.26610039873106,0.09906548524541545,0
337,982,2926749509.483322,0.0060544013623588236,1.1920362416222916e-09,165.16909599881996,14.0,32.50913053123655,0.13070094888562117,0
338,985,2932635709.614127,2.9894152257738758,5.885786351289389e-07,0.33451358358583105,14.0,295.5703684114793,2.983360824411517,0
339,987,2936559843.034663,0.0010093361279605816,1.9872571580536397e-10,990.7502281027075,9.0,8.313034896546144,2.9884058896459154,0
340,993,2948332243.2962723,0.00430807917906567,8.482071481339514e-10,232.12201034447017,15.0,15.057093629950424,0.003298743051105088,0
341,997,2956180510.1373444,0.001117656367087882,2.2005262213564214e-10,894.7293895983684,13.0,11.181653107849101,0.0031904228119777876,0
342,998,2958142576.847613,0.0,0.0,0.0,36.0,367.52633865449366,0.001117656367087882,0
343,1002,2965990843.6886854,0.0012181912301429418,2.3984668485722467e-10,820.889179330056,10.0,7.67704114509148,0.0012181912301429418,0
344,1011,2983649444.0810986,0.0005236828444298236,1.0310663140987861e-10,1909.5527163568422,13.0,8.501433588387073,0.0006945083857131182,0
345,1012,2985611510.791367,0.002013729045778716,3.9647817508426334e-10,496.5911385147178,14.0,17.00498257078784,0.0014900462013488925,0
346,1030,3020928711.576194,0.0,0.0,0.0,13.0,131.6632686691346,0.002013729045778716,0
347,1045,3050359712.230216,0.003605236129319022,7.098261031178135e-10,277.3743421659073,14.0,23.701046908310566,0.003605236129319022,0
348,1046,3052321778.940484,4.857614852253112e-05,9.564038796186506e-12,20586.23439340677,13.0,2.1765614343997792,0.003556659980796491,0
349,1050,3060170045.7815566,8.429383347289429e-05,1.6596406222698165e-11,11863.263858539527,8.0,5.470092288256763,3.571768495036317e-05,0
350,1052,3064094179.202093,33.17024242087842,6.530807712040945e-06,0.03014750351569748,15.0,48.45587479108759,33.17015812704494,0
351,1053,3066056245.912361,0.0010916046771287595,2.1492336876637381e-10,916.082552627212,12.0,8.625944542470892,33.16915081620129,0
352,1055,3069980379.332897,0.0006140570008267922,1.2090017750693747e-10,1628.5133090658435,14.0,15.27740583094037,0.00047754767630196727,0
353,1057,3073904512.7534337,1.518423808254787,2.9895874112922246e-07,0.6585776609685142,19.0,97.68429689230231,1.5178097512539601,0
354,1061,3081752779.5945063,0.11101890261936309,2.185823956934646e-08,9.00747509115245,10.0,6.645995941057113,1.4074049056354239,0
355,1062,3083714846.3047743,0.0011041857307431244,2.174004215695387e-10,905.6447400577696,15.0,12.663588149563523,0.10991471688861996,0
356,1064,3087638979.725311,0.29123187365958236,5.733992963798684e-08,3.4336900952175826,9.0,30.01270123018741,0.29012768792883925,0
357,1065,3089601046.435579,0.7453703403828443,1.4675413901210653e-07,1.3416149608059649,19.0,97.89306649730749,0.45413846672326197,0
358,1069,3097449313.2766514,0.00010778076171798223,2.1220689945708427e-11,9278.093555680129,8.0,4.3422036345622015,0.7452625596211263,0
359,1071,3101373446.6971874,0.0,0.0,0.0,15.0,1299.0453739912086,0.00010778076171798223,0
360,1080,3119032047.089601,22.537914587820797,4.437434750576727e-06,0.04436967742083569,12.0,150.41499187503047,22.537914587820797,0
361,1084,3126880313.9306736,0.005420163852101101,1.0671627730868424e-09,184.49626747498755,20.0,9.065533146665578,22.532494423968696,0
362,1085,3128842380.6409416,17.290703811770975,3.4043242846320816e-06,0.05783454571231353,14.0,26.434417208240347,17.285283647918874,0
363,1088,3134728580.771746,0.02995021907204115,5.8968252089072995e-09,33.388737409941754,12.0,36.20461561469755,17.260753592698933,0
364,1089,3136690647.4820147,0.005322339578712916,1.0479023917196493e-09,187.8872974982065,8.0,42.414306095095796,0.024627879493328234,0
365,1093,3144538914.3230867,0.3810608122473937,7.502612913722448e-08,2.624253053205986,7.0,11.05963951579239,0.37573847266868077,0
366,1097,3152387181.16416,0.0,0.0,0.0,10.0,456.6466934306742,0.3810608122473937,0
367,1105,3168083714.846305,2.7636262153690345,5.441235904013225e-07,0.3618434339775958,9.0,436.04596439137663,2.7636262153690345,0
368,1110,3177894048.3976455,0.00024068399126488883,4.7387680993496496e-11,4154.825547764029,12.0,9.512431641505609,2.7633855313777698,0
369,1111,3179856115.1079135,0.0007497651958316058,1.476194313272453e-10,1333.7508919136933,16.0,16.243815567426616,0.000509081204566717,0
370,1113,3183780248.52845,0.01602174907596954,3.1544828975945668e-09,62.4151579952934,9.0,29.531218574314437,0.015271983880137936,0
371,1116,3189666448.6592546,8.052603905866042e-05,1.585457441738175e-11,12418.343175344706,9.0,4.7134371894696185,0.01594122303691088,0
372,1123,3203400915.6311316,0.0002690005807473435,5.2962864877419856e-11,3717.4640794615143,9.0,6.125281963947443,0.00018847454168868306,0
373,1124,3205362982.3413997,0.0005243241502533811,1.0323289654129139e-10,1907.217124386756,10.0,8.914302659502017,0.0002553235695060376,0
374,1126,3209287115.7619357,0.0008484778785818205,1.670547294357564e-10,1178.5811086705742,8.0,8.229398448591741,0.0003241537283284394,0
375,1127,3211249182.472204,46.3569390080096,9.127104075355245e-06,0.021571743549055243,11.0,184.84087035090715,46.35609053013101,0
376,1131,3219097449.313277,0.02264810851999324,4.459130563737228e-09,44.153797615066566,10.0,45.591717526269974,46.3342908994896,0
377,1134,3224983649.4440813,0.0,0.0,0.0,31.0,2169.229974951656,0.02264810851999324,0
378,1141,3238718116.4159584,0.0,0.0,0.0,21.0,91.42211527392236,0.0,0
379,1148,3252452583.387835,1.5157310452169155,2.9842856961611467e-07,0.6597476532231552,9.0,10.239679451236952,1.5157310452169155,0
380,1149,3254414650.0981035,0.0008885046959020257,1.7493551137055204e-10,1125.4864532362385,13.0,8.416312633397572,1.5148425405210135,0
381,1150,3256376716.8083715,5.140761066674033e-05,1.0121518436314617e-11,19452.372276749426,6.0,6.133375657900792,0.0008370970852352854,0
382,1153,3262262916.939176,8354581.024540395,1.0,1.1969481139301205e-07,16.0,4044.528369321023,8354581.0244889865,1
383,1161,3277959450.621321,3.9912322747376296,7.858239379039472e-07,0.25054918660816006,10.0,9.64968612273649,8354577.0333081195,1
384,1162,3279921517.331589,0.42111238612810176,8.291178533052579e-08,2.374662994817319,17.0,119.16648360303878,3.570119888609528,0
385,1165,3285807717.4623938,5129189.161165384,1.0,1.94962589325287e-07,10.0,3461.9620998530836,5129188.740052997,1
386,1166,3287769784.172662,483.9352953705898,9.528083391834808e-05,0.0020663919527386695,17.0,77.92187067386725,5128705.225870013,1
387,1167,3289731850.8829303,0.0010871686095227445,2.1404996229062667e-10,919.8205230733887,11.0,7.904323096518016,483.9342082019803,0
388,1170,3295618051.0137343,990.6879109379372,0.00019505411407264218,0.0010093996191527618,18.0,414.184013813761,990.6868237693277,0
389,1171,3297580117.724003,2.5074562561414533e-05,4.936869151401353e-12,39881.05306601743,11.0,1.9339574991870743,990.6878858633746,0
390,1172,3299542184.434271,8.646044437524294,1.7022984931726358e-06,0.11565982655141477,13.0,74.05515941038814,8.646019362961733,0
391,1174,3303466317.854807,0.00018771009251898784,3.695777993709522e-11,5327.364028503054,12.0,8.148654683670353,8.645856727431775,0
392,1176,3307390451.2753434,0.00018443617389958956,3.631318612626728e-11,5421.929838571085,10.0,5.843839765798607,3.2739186193982757e-06,0
393,1179,3313276651.406148,394.4448699437904,7.766128344550323e-05,0.00253520853279826,16.0,60.47600986741353,394.4446855076165,0
394,1184,3323086984.9574885,3764.1015472841505,0.0007411047257958987,0.000265667646698191,13.0,629.461166117219,3369.65667734036,0
395,1189,3332897318.508829,0.007837291266187733,1.5430650639596543e-09,127.59510472536405,9.0,26.725284538058606,3764.093709992884,0
396,1191,3336821451.9293656,0.30445266827199785,5.994293947790667e-08,3.284582807805501,10.0,4.152042831388966,0.29661537700581014,0
397,1192,3338783518.6396337,63.64651176034147,1.2531205668467199e-05,0.015711780148540525,17.0,16.97788720377826,63.34205909206947,0
398,1194,3342707652.06017,1.167085174480962,2.297845388465229e-07,0.8568354922714816,10.0,111.78011694672925,62.47942658586051,0
399,1202,3358404185.7423153,3891710.393918993,0.7662293187715267,2.569564275806735e-07,17.0,749.7568793715873,3891709.2268338185,1
400,1204,3362328319.162852,0.00017014503952456672,3.349943971446939e-11,5877.33851610922,8.0,2.4473372875568713,3891710.393748848,1
401,1205,3364290385.87312,7.051068804107735e-05,1.388267650857242e-11,14182.24688482949,14.0,3.149304597988949,9.963435148348937e-05,0
402,1206,3366252452.583388,0.0072229149431237965,1.422102015880277e-09,138.44825914965952,12.0,17.12977170448507,0.007152404255082719,0
403,1208,3370176586.0039244,0.00013352550937648593,2.6289510197889496e-11,7489.205599592314,12.0,5.614435715575971,0.00708938943374731,0
404,1211,3376062786.1347284,39.544411888204756,7.785802311925705e-06,0.025288023067002625,14.0,150.08088439104262,39.54427836269538,0
405,1212,3378024852.844997,618625.0803605987,0.12179957548751484,1.6164879694452357e-06,14.0,142.10492218439987,618585.5359487105,0
406,1216,3385873119.6860695,0.0009020685983408118,1.776060748692631e-10,1108.5631411300114,5.0,15.025469350414454,618625.0794585302,0
407,1217,3387835186.3963375,992.3824440300566,0.0001953877465389324,0.0010076760285470262,12.0,55.52042327641125,992.3815419614583,0
408,1218,3389797253.1066055,1.3517506969141684,2.661428808433167e-07,0.739781382974021,15.0,178.93998200459583,991.0306933331424,0
409,1219,3391759319.816874,0.013007953125529279,2.5611040013564064e-09,76.87604577545208,9.0,28.283780485242843,1.338742743788639,0
410,1223,3399607586.6579466,0.0024362289552175495,4.796631464778689e-10,410.4704516576242,7.0,29.59071467773564,0.01057172417031173,0
411,1228,3409417920.209287,3.192927695687351e-05,6.286477064110604e-12,31319.21747026938,7.0,11.812294594678976,0.002404299678260676,0
412,1236,3425114453.8914323,19572.07844792657,0.003853498543861539,5.1093193942615636e-05,12.0,418.380646149849,19572.078415997294,0
413,1238,3429038587.311969,4365.405792455766,0.0008594940445057903,0.0002290737785999611,17.0,19.862392201723434,15206.672655470806,0
414,1240,3432962720.732505,5.6981768992002714e-05,1.1219000803698435e-11,17549.472403899494,10.0,2.8301326091580514,4365.405735473996,0
415,1243,3438848920.8633094,5.2956103385265564e-05,1.0426397371471824e-11,18883.564257763617,8.0,4.044239596362549,4.025665606737149e-06,0
416,1244,3440810987.5735774,245.41969662513793,4.8320082412100586e-05,0.004074652579851522,9.0,586.5152650020858,245.41964366903454,0
417,1258,3468279921.5173316,8.013786569778064,1.5778147915981e-06,0.12478495543805947,12.0,39.08608639816701,237.40591005535987,0
418,1260,3472204054.937868,276060.2763114281,0.0543528310299001,3.6223973016381526e-06,13.0,627.9977460576553,276052.26252485835,0
419,1262,3476128188.358404,0.6688146407719009,1.3168127499513625e-07,1.4951825798017402,8.0,152.0018200837263,276059.6074967873,0
420,1264,3480052321.7789407,0.3424312222245724,6.74204438596509e-08,2.9202944565062534,7.0,10.774008215891742,0.3263834185473285,0
421,1266,3483976455.1994767,16.051040146820785,3.16024994472621e-06,0.0623012584139606,10.0,13.734337819752708,15.708608924596213,0
422,1270,3491824722.0405493,4767.099444470621,0.0009385825228825799,0.0002097711641320812,22.0,108.69565215164569,4751.0484043238,0
423,1273,3497710922.171354,0.65881881815533,1.2971322198532754e-07,1.5178679971504876,10.0,42.97133397577482,4766.440625652466,0
424,1276,3503597122.3021584,0.0,0.0,0.0,9.0,2277.2670714037126,0.65881881815533,0
425,1282,3515369522.5637674,432302.98103983677,0.08511507412849623,2.313192468843628e-06,10.0,1369.206418422149,432302.98103983677,0
426,1285,3521255722.6945715,0.054657016514322525,1.0761285987593755e-08,18.29591265230623,9.0,52.4040522199737,432302.92638282024,0
427,1287,3525179856.115108,86.01128207461352,1.6934550467495182e-05,0.011626381747600311,12.0,1005.4153887699938,85.95662505809919,0
428,1288,3527141922.825376,0.00020183845211711892,3.973947802211991e-11,4954.457312550544,10.0,7.938811118580116,86.0110802361614,0
429,1290,3531066056.2459126,0.001084876133157388,2.135986022391512e-10,921.764216683308,11.0,20.12524098213296,0.000883037681040269,0
430,1291,3533028122.9561806,0.09655566701997723,1.901060856939693e-08,10.356719919740648,8.0,157.13304678261233,0.09547079088681984,0
431,1292,3534990189.6664486,6.799164798722758e-05,1.3386708887899648e-11,14707.68858963625,9.0,44.15753208768743,0.09648767537199,0
432,1293,3536952256.376717,0.009970476127918296,1.9630626017958588e-09,100.29611295087575,10.0,5.705345840789139,0.009902484479931068,0
433,1297,3544800523.2177896,323.6635947691018,6.372533169954952e-05,0.003089627675653131,10.0,212.36698016610114,323.65362429297386,0
434,1299,3548724656.6383257,0.00017075988890723301,3.362049590209415e-11,5856.176181322557,12.0,3.9207551883980534,323.66342400921286,0
435,1301,3552648790.058862,1.989759822666796e-05,3.917589335072881e-12,50257.31941870353,8.0,3.6354474223241424,0.00015086229068056505,0
436,1303,3556572923.4793983,470783.1612149651,0.09269134246744187,2.1241201520871482e-06,15.0,178.4277899007386,470783.1611950675,0
437,1304,3558534990.1896663,0.0016184487957766642,3.186524157070574e-10,617.8755867912662,16.0,6.8741668118928265,470783.1595965163,0
438,1305,3560497056.899935,6.11198690089656e-05,1.2033741171316838e-11,16361.291341969662,11.0,14.802642102559352,0.0015573289267676986,0
439,1307,3564421190.320471,4.1494720648838985,8.169793822545292e-07,0.2409945131243434,12.0,20.11463123730878,4.14941094501489,0
440,1311,3572269457.1615434,70252.5714635258,0.013831856568401643,1.4234354403940739e-05,14.0,702.4771231483677,70248.42199146093,0
441,1317,3584041857.4231524,4214.089899094774,0.0008297018292190455,0.00023729916160896545,28.0,1005.78535881299,66038.48156443103,0
442,1318,3586003924.1334205,6.756563143124286e-05,1.3302831532588827e-11,14800.423884400621,8.0,10.55500088026201,4214.089831529143,0
443,1320,3589928057.553957,0.0,0.0,0.0,40.0,11858.575305558234,6.756563143124286e-05,0
444,1325,3599738391.1052976,113.80152237684523,2.2406102751690987e-05,0.008787228668950193,15.0,14.915322708853916,113.80152237684523,0
445,1329,3607586657.94637,35682.88689486522,0.007025516122673524,2.8024638335635904e-05,38.0,662.1177306276586,35569.08537248838,0
446,1332,3613472858.0771747,0.0,0.0,0.0,67.0,7379.290875909736,35682.88689486522,0
447,1333,3615434924.7874427,73.15873356851259,1.4404043700677242e-05,0.01366890801989477,17.0,87.78086908111345,73.15873356851259,0
448,1339,3627207325.049052,0.0002507647186627111,4.9372450697538255e-11,3987.8017982156393,11.0,18.614320707274587,73.15848280379393,0
449,1341,3631131458.469588,0.0030053865150289055,5.91723183116093e-10,332.7359042394739,17.0,32.870793948454285,0.0027546217963661944,0
450,1342,3633093525.1798563,0.004589373951215086,9.035905862168124e-10,217.89464323719895,15.0,18.035159043191825,0.0015839874361861803,0
451,1346,3640941792.020929,4.195874040051786,8.261153533889948e-07,0.23832936605204183,18.0,239.48291408133255,4.191284666100571,0
452,1353,3654676258.992806,0.0003788299658506338,7.458690325917759e-11,2639.7066956276003,8.0,6.57344937491352,4.1954952100859355,0
453,1357,3662524525.8338785,226.04186135505253,4.45048279313291e-05,0.004423959323309843,15.0,154.48732779840083,226.04148252508668,0
454,1360,3668410725.964683,0.0,0.0,0.0,17.0,426.7221541930349,226.04186135505253,0
455,1364,3676258992.8057556,193160025.6295046,1.0,5.177054604031141e-09,16.0,2540.031210366374,193160025.6295046,1
456,1365,3678221059.5160236,3485.022458208238,0.0006861575281215421,0.00028694219678404364,10.0,109.87294679955484,193156540.6070464,1
457,1379,3705689993.459778,0.0,0.0,0.0,17.0,5694.218235940961,3485.022458208238,0
458,1380,3707652060.170046,2991.009479939563,0.0005888925239232419,0.00033433528268864127,14.0,290.67337632323506,2991.009479939563,0
459,1381,3709614126.880314,0.0010550673492593476,2.077296238549188e-10,947.8067914377111,11.0,41.90029548482294,2991.0084248722137,0
460,1383,3713538260.3008504,319911.82767989894,0.0629866554749668,3.1258612951334563e-06,11.0,953.2467941435077,319911.8266248316,0
461,1387,3721386527.141923,464513.59657790995,0.09145694325614619,2.1527895143802884e-06,12.0,78.54576341161759,144601.768898011,0
462,1389,3725310660.562459,44459.49991206885,0.00875352194340501,2.249238075052083e-05,20.0,467.4182437523402,420054.0966658411,0
463,1392,3731196860.6932635,242.65461606088155,4.777567247851223e-05,0.0041210837701480115,11.0,301.9385109367147,44216.84529600797,0
464,1394,3735120994.1138,526126.700823762,0.10358779630406725,1.9006828553545936e-06,12.0,107.14192592049045,525884.0462077011,0
465,1396,3739045127.534336,0.0,0.0,0.0,35.0,3107.335257078953,526126.700823762,0
466,1397,3741007194.2446046,790.7911691983178,0.00015569693464656574,0.001264556356912497,11.0,544.2001712077144,790.7911691983178,0
467,1399,3744931327.6651406,11094.970174061527,0.002184461477797859,9.01309317926657e-05,15.0,2977.6740045649794,10304.17900486321,0
468,1400,3746893394.3754086,232005.71758092433,0.045679036963003565,4.310238602853384e-06,11.0,1061.0579714258554,220910.7474068628,0
469,1418,3782210595.1602354,98.69911875962894,1.943262752765736e-05,0.01013180272090759,10.0,132.67421644419755,231907.0184621647,0
470,1419,3784172661.8705034,5.896248658733193e-05,1.1608979435232619e-11,16959.93573064325,8.0,6.475315701332579,98.69905979714235,0
471,1424,3793982995.4218445,4770990.512744101,0.9393486257758322,2.0960008143567576e-07,19.0,586.2089009423098,4770990.512685139,1
472,1425,3795945062.1321125,2.2492834207269327e-05,4.428558984966344e-12,44458.60162958985,9.0,3.7615628061573463,4770990.512721608,1
473,1426,3797907128.8423805,3.714480871253228e-05,7.313350325392868e-12,26921.66167330264,9.0,8.344422993589955,1.4651974505262953e-05,0
474,1427,3799869195.552649,351727.67205069034,0.06925079907528833,2.8431086873821e-06,16.0,88.25132421346046,351727.6720135455,0
475,1428,3801831262.262917,0.00021950102198262903,4.321701810242785e-11,4555.787423729404,12.0,4.570858123175033,351727.6718311893,0
476,1429,3803793328.973185,5.6580206858476695e-05,1.113993821967449e-11,17674.02485514522,8.0,2.681015331093183,0.00016292081512415233,0
477,1430,3805755395.683453,0.008296731017538311,1.63352303026773e-09,120.52939859874793,14.0,20.54311479104825,0.008240150810679834,0
478,1435,3815565729.234794,0.05895763745674,1.1608024701798215e-08,16.961330933872407,8.0,8.320322832451625,0.05066090643920169,0
479,1437,3819489862.65533,6.177833020522589e-05,1.2163383982003977e-11,16186.905351619615,11.0,12.643632385724183,0.05889585912653478,0
480,1440,3825376062.7861347,0.002204424451037681,4.340237259281164e-10,453.6331463188227,12.0,17.085434937987515,0.0021426461208324554,0
481,1441,3827338129.4964027,0.0003053252394492345,6.011473787784886e-11,3275.1959796336164,10.0,8.373822044287149,0.0018990992115884466,0
482,1447,3839110529.758012,0.0022312371041932895,4.393028034756084e-10,448.1818618346127,5.0,41.63477273825849,0.001925911864744055,0
483,1448,3841072596.46828,486631.09930861404,0.09581160414683207,2.0549447033302226e-06,11.0,782.2134845175391,486631.0970773769,0
484,1449,3843034663.1785483,0.0,0.0,0.0,10.0,2598.4264611363283,486631.09930861404,0
485,1452,3848920863.3093524,0.0,0.0,0.0,31.0,1146.3333530035957,0.0,0
486,1453,3850882930.019621,8466.261472668964,0.0016669014659675607,0.00011811588895857154,11.0,937.4988337651505,8466.261472668964,0
487,1458,3860693263.5709615,573874.8007140959,0.11298880263505554,1.7425403568089399e-06,9.0,537.4886378724628,565408.539241427,0
488,1460,3864617396.991498,6.896668822309792,1.3578682169589148e-06,0.1449975380527176,14.0,17.495748168769094,573867.9040452737,0
489,1461,3866579463.701766,22800448.85404851,1.0,4.385878569326662e-08,17.0,554.041358040852,22800441.957379688,1
490,1471,3886200130.804447,60462.48512395686,0.011904310469800944,1.653918124519452e-05,8.0,213.28947421861102,22739986.36892455,1
491,1472,3888162197.5147157,0.00015208567880170494,2.9943776455006494e-11,6575.241017456988,9.0,6.38064866407929,60462.48497187118,0
492,1474,3892086330.9352517,2.6694420278470457,5.255798966165055e-07,0.3746101206049205,14.0,37.50313384449751,2.669289942168244,0
493,1480,3903858731.196861,28216.18923339086,0.0055554163250205076,3.544064691828074e-05,20.0,548.6913070977815,28213.519791363015,0
494,1485,3913669064.7482014,4.220830189340308,8.310289084413914e-07,0.23692021596255153,12.0,28.977597010833964,28211.96840320152,0
495,1486,3915631131.45847,0.029697049026657634,5.846979179328459e-09,33.6733794347268,10.0,11.116165165395822,4.19113314031365,0
496,1489,3921517331.589274,8447396.015254987,1.0,1.1837967560584581e-07,13.0,561.926223304644,8447395.985557938,1
497,1491,3925441465.0098104,2.736237156386628,5.387310257236747e-07,0.3654653974950756,16.0,18.830821103691395,8447393.27901783,1
498,1492,3927403531.7200785,9.651307718262508e-05,1.9002223160731393e-11,10361.290084518583,6.0,18.552901984824334,2.7361406433094455,0
499,1494,3931327665.140615,39191.95733154615,0.007716408398321952,2.5515439087169194e-05,11.0,568.6683451680461,39191.95723503308,0
500,1495,3933289731.850883,0.2765497748029501,5.4449207187870296e-08,3.6159855877984843,11.0,16.625729750802844,39191.68078177135,0
501,1496,3935251798.561151,2622.4851491254617,0.0005163346718817214,0.00038131769796045424,12.0,549.0036483325465,2622.208599350659,0
502,1497,3937213865.271419,0.004423885820557512,8.710080338725628e-10,226.04561698383324,9.0,6.131002279967001,2622.4807252396413,0
503,1498,3939175931.9816875,0.03593483850782098,7.0751222580787006e-09,27.82814787812469,15.0,23.228801510439514,0.03151095268726347,0
504,1499,3941137998.6919556,0.028360192517498186,5.583768778598459e-09,35.26069152555087,12.0,112.89474068092183,0.007574645990322797,0
505,1507,3956834532.3741007,102.70628854487079,2.0221589362933024e-05,0.009736502157441955,18.0,37.383798541064685,102.67792835235329,0
506,1509,3960758665.794637,14053727.477718575,1.0,7.115549960574132e-08,26.0,40852.08817491461,14053624.77143003,1
507,1510,3962720732.504905,0.0001689832618591581,3.3270700158072543e-11,5917.745835180533,15.0,5.488327928838433,14053727.477549592,1
508,1511,3964682799.2151732,0.0012027558654823514,2.368076537496287e-10,831.4239222334098,8.0,64.36446999840587,0.0010337726036231932,0
509,1513,3968606932.63571,0.0003081234390707246,6.066566854142324e-11,3245.452536069527,10.0,15.028055759552513,0.0008946324264116267,0
510,1514,3970568999.345978,0.007484798249556494,1.4736635780661753e-09,133.60413554575769,15.0,10.492087992996996,0.00717667481048577,0
511,1517,3976455199.4767823,380780.0339031301,0.07497084737736201,2.6261881164031792e-06,16.0,442.53434278489084,380780.02641833184,0
